"Log.GDP.per.capita","Social.support","Healthy.life.expectancy.at.birth","Freedom.to.make.life.choices","Perceptions.of.corruption","Compulsory.education..duration..years.","Individuals.using.the.Internet....of.population.","Rural.population....of.total.population.","Log.Scientific.and.technical.journal.articles","Ladder.score"
0.0447915075607148,0,0.324121679520137,0,0.875911661066951,0.363636363636364,0.114165110180525,0.895278579831034,0.289351751954228,-3.85609734513274
0.527279670077898,0.545498941885072,0.821765209940018,0.755993431855501,0.931410308940424,0.363636363636364,0.740536279925059,0.450335890181896,0.319412197067529,-0.273097345132743
0.465957690545288,0.74271528569103,0.732647814910026,0.235221674876847,0.705973940834221,0.454545454545455,0.619831173810516,0.312987915730938,0.622843196049384,-0.213097345132743
0.616083702459142,0.853817353084812,0.754927163667524,0.783579638752052,0.861591411947882,0.818181818181818,0.844409381121062,0.0944454166302098,0.66337892384393,0.610902654867257
0.538128150297846,0.693472244831515,0.772707797772065,0.765188834154351,0.670941571744653,0.636363636363636,0.721061478382273,0.444106609891018,0.424754162439942,-0.122097345132743
0.809546357110127,0.911769493732704,0.886889460154242,0.898193760262726,0.439727935753503,0.545454545454545,0.954824714633431,0.165679898114932,0.823807676419605,1.47990265486726
0.830349778524515,0.867491453687123,0.89031705227078,0.857142857142857,0.457674342374826,0.727272727272727,0.899892825827591,0.498138264259535,0.694845812737785,1.32790265486726
0.532533985031312,0.630799283737587,0.641530991145387,0.790914066776136,0.578546259116611,0.454545454545455,0.829783697374829,0.525099405994497,0.462161847932524,-0.684097345132743
0.321261646555674,0.297411688100277,0.664095972579263,0.8623973727422,0.713840858805212,0,0.279034097814408,0.741991619758704,0.608290487208974,-1.69109734513274
0.817611119596762,0.874002930164415,0.881748071979435,0.786863711001642,0.545931328361878,0.636363636363636,0.919367305269611,0.0228974052361926,0.71337572486439,1.31690265486726
0.188468000610967,0.101416246133811,0.374464438731791,0.672249589490969,0.586249282963206,0.0909090909090909,0.224966266378517,0.620055220151467,0.357372972629876,-1.20009734513274
0.393752863907133,0.70307667263552,0.631533847472151,0.849589490968801,0.895025813324592,0.818181818181818,0.54633178035769,0.358768143416844,0.292414281848005,0.206902654867257
0.545975255842371,0.823538987465408,0.758354755784062,0.683415435139573,1,0.363636363636364,0.726838447915986,0.614467582465658,0.454623803558911,0.299902654867257
0.530166488468001,0.790656031255087,0.705227077977721,0.780952380952381,0.760059001884782,0.818181818181818,0.777857326637009,0.154195953762845,0.835202003060821,0.694902654867257
0.651229570795785,0.911118346084975,0.730934018851757,0.7376026272578,0.986232893550766,0.545454545454545,0.712797377152539,0.291359212918404,0.591218244936486,-0.114097345132743
0.0878073926989462,0.455396386130555,0.355826906598115,0.575944170771757,0.747766942555109,0.454545454545455,0.0808260613588434,0.835535334091638,0.347710510874531,-1.02909734513274
0.214541011150145,0.531824841282761,0.365895458440446,0.586535303776683,0.8834712775547,0.0909090909090909,0.380831964316824,0.5086378705243,0.471052739863119,-0.703097345132743
0.801160837024592,0.90363014813609,0.898886032562126,0.870935960591133,0.38121773334426,0.454545454545455,0.921532440446458,0.222846851576399,0.831163297911247,1.32290265486726
0,0.470182863964404,0.263924592973436,0.418171866447729,0.82930426944194,0.454545454545455,0.0558631608904491,0.925985067226646,0.103558833103421,-1.10609734513274
0.649992362914312,0.837213088067719,0.861182519280206,0.696551724137931,0.872654265344587,0.636363636363636,0.865553598461811,0.147988547651685,0.65427117217789,0.782902654867257
0.530303956010386,0.760377665635683,0.828620394173093,0.764860426929392,0.888142260099975,0.636363636363636,0.68054353812923,0.221967023458843,0.658627802696206,0.117902654867257
0.184664731938292,0.262900862770633,0.484433019137389,0.237000547345375,0.749815619110055,0.0909090909090909,0.153561813274369,0.855151612370092,0,-2.01109734513274
0.613151061554911,0.832003906885886,0.850899742930591,0.924794745484401,0.809964762763255,0.727272727272727,0.806653190272021,0.226188740144467,0.427173529595348,1.37790265486726
0.701909271422026,0.898095393130392,0.814910025706941,0.608866995073892,0.958452839465705,0.272727272727273,0.789404468268804,0.511692964291617,0.603385978536729,0.364902654867257
0.767240720940889,0.723587823538988,0.946872322193659,0.630213464696223,0.902401048922396,0.454545454545455,0.888493885687094,0.402533516104257,0.49823497062817,0.490902654867257
0.762085688101421,0.942129252808074,0.820479862896315,0.914203612479475,0.897115463410637,0.454545454545455,0.812996974680521,0.313226101243426,0.707633950092949,1.24490265486726
0.84304261493814,0.943675728471431,0.893744644387318,0.971100164203612,0.0822748504466115,0.454545454545455,0.981056012720904,0.142882141919678,0.704028826630712,2.00590265486726
0.582037574461586,0.777958652124369,0.658954584404456,0.841050903119869,0.680652298615095,0.909090909090909,0.813338410208126,0.204462818755408,0.24720596450658,0.245902654867257
0.459416526653429,0.705681263226437,0.81662382176521,0.735632183908046,0.875604359583709,0.909090909090909,0.667496323752512,0.432926473590574,0.551167145327483,0.147902654867257
0.418680311593096,0.629822562265994,0.700085689802913,0.933333333333333,0.597803818733098,0.909090909090909,0.526714896505188,0.314822916362859,0.134090410465501,0.891902654867257
0.740995875973729,0.941396711704379,0.838903170522708,0.937931034482758,0.375071703679423,0.363636363636364,0.899521798158479,0.371583982267332,0.514165116515447,0.870902654867257
0.411600733160226,0.599055835910793,0.209940017137961,0.364532019704434,0.769892649348521,0.181818181818182,0.531765740445049,0.918990190645629,0.176707437746384,-2.07509734513274
0.105620895066443,0.61492755982419,0.532133676092545,0.592775041050903,0.804617716954847,0.272727272727273,0.0970560553013768,0.945664537579841,0.572046895735492,-1.71609734513274
0.803497785245151,0.961256714960117,0.89031705227078,1,0.0768663443415554,0.509090909090909,0.916587796208083,0.174961841708714,0.678893430176229,2.16390265486726
0.785581182220865,0.878560963698519,0.929734361610968,0.76551724137931,0.533885110218799,0.672727272727273,0.840303403284626,0.22794839637958,0.833615572526334,1.03190265486726
0.518481747365205,0.615497314015953,0.448157669237361,0.543185550082102,0.838974022781283,0.454545454545455,0.683270696993037,0.11661368254246,0.233300067587289,-0.471097345132743
0.545287918130442,0.572847143089696,0.677806341045416,0.761904761904762,0.663935097926739,0.363636363636364,0.72372306163285,0.487580326848854,0.426514753647825,-0.392097345132743
0.823109821292195,0.857073091323457,0.895458440445587,0.833169129720854,0.385397033516348,0.727272727272727,0.898760857411769,0.272732133656099,0.877182173167985,1.14190265486726
0.299770887429357,0.479733029464431,0.465295629820052,0.732676518883415,0.929197738261083,0.545454545454545,0.53366091996824,0.510655155987206,0.521480332457303,-1.28809734513274
0.692424010997404,0.773400618590265,0.89031705227078,0.385878489326765,0.843153322953372,0.454545454545455,0.77508607173115,0.242630831899359,0.685142049393123,0.356902654867257
0.417748587139148,0.691030441152531,0.602970579834333,0.871373836891078,0.840776858149635,1,0.435433489992176,0.580190742847143,0.277830169629662,0.709902654867257
0.136734382159768,0.434803841771121,0.309340188517567,0.560591133004926,0.805785462591166,0.0909090909090909,0.233143905876905,0.762213083676029,0.184604396091264,-0.554097345132743
0.311077592790591,0.648298876770308,0.643744644387318,0.831691297208539,0.857166270589199,0.636363636363636,0.392743876570073,0.49852956903005,0.259352907550697,0.390902654867257
0.718176263937682,0.941396711704379,0.765209940017138,0.688669950738916,0.893304925018438,0.727272727272727,0.853251775067516,0.337234228716423,0.641811952583564,0.439902654867257
0.828837635558271,1,0.921165381319623,0.970443349753695,0.684094075227403,0.454545454545455,1,0.0735677273213366,0.434408925843142,1.94790265486726
0.352008553535971,0.374572684356178,0.538988860325621,0.890311986863711,0.790789150208965,0.272727272727273,0.350311846210204,0.784974382905086,0.89854761249921,-1.52309734513274
0.484343974339392,0.699169786749145,0.612682090831191,0.879146141215107,0.918134884864378,0.363636363636364,0.543118833205411,0.519093728429628,0.76905915420548,-0.00909734513274341
0.414751031006568,0.592137392153671,0.641388174807198,0.504515599343185,0.911251331639761,0.0909090909090909,0.509833554977602,0.35085455128766,0.652892587731886,-0.411097345132743
0.972353749809073,0.893211785772424,0.895458440445587,0.882758620689655,0.296648365156109,0.454545454545455,0.911117057042406,0.438409601306618,0.651405768762122,1.26090265486726
0.771605315411639,0.941071137880514,0.943444730077121,0.764203612479475,0.711628288125871,0.909090909090909,0.885933230142793,0.0890060372736022,0.69543874172774,1.76390265486726
0.771605315411639,0.812795051277877,0.921165381319623,0.594417077175698,0.88420880111448,0.636363636363636,0.728405890288718,0.348161596717901,0.851140441515909,0.746902654867257
0.435084771651138,0.815155461500895,0.734361610968295,0.811576354679803,0.929074817667787,0.0909090909090909,0.760770764045197,0.526599002537405,0.318822804251718,0.264902654867257
0.765740033603177,0.834934071300667,1,0.738587848932677,0.619437843153323,0.363636363636364,0.881053193034464,0.0988105307162093,0.870527041815172,0.482902654867257
0.42482052848633,0.606381246947745,0.768637532133676,0.676847290640394,0.677702204375973,0.454545454545455,0.756782531495236,0.101851041697047,0.57142343201079,-1.39109734513274
0.659660913395448,0.923815725215693,0.70694087403599,0.848932676518883,0.754650495779726,0.363636363636364,0.871702848286775,0.512339467825512,0.554786826650249,0.610902654867257
0.269940430731633,0.523685495686147,0.456726649528706,0.627257799671593,0.869458329918872,0.636363636363636,0.197271130832701,0.868849709802549,0.509120082530267,-1.10709734513274
0.706399877806629,0.924792446687286,0.727506426735219,0.73431855500821,0.852741129230517,0.545454545454545,0.88854034114396,0.383602628790309,0.50389023531315,0.656902654867257
0.515503283946846,0.424385479407456,0.718937446443874,0.210509031198686,0.944931574203065,0.454545454545455,0.821645610409992,0.132533224448528,0.535279445053053,-2.87009734513274
0.110432259049947,0.598241901351131,0,0.601806239737274,0.912480537572728,0.181818181818182,0.400632988383561,0.856857798388116,0.180017404459933,-2.39109734513274
0.00137467542385831,0.453904172771176,0.381319622964867,0.613026819923371,0.869458329918872,0.0909090909090909,0.226625569937189,0.576241238175791,0.118592891125382,-1.30809734513274
0.749289751031007,0.904932443431548,0.7617823479006,0.665024630541872,0.814389904121937,0.545454545454545,0.839807160304221,0.38569282818561,0.551611612175948,1.24090265486726
1,0.850018991806392,0.907740645529849,0.940339354132458,0.290912070802262,0.636363636363636,0.984209556705712,0.101333352777049,0.46223781494695,1.54490265486726
0.0119138536734383,0.505995984589506,0.435589831476721,0.295019157088123,0.768663443415553,0,0.0825950277678289,0.738763963018054,0.297419357792273,-1.34909734513274
0.00309301970368119,0.248250040696728,0.451156812339332,0.665024630541872,0.746537736622142,0.272727272727273,0.124197418601113,1,0.354748469775962,-2.15609734513274
0.671987169696044,0.712843887351457,0.701799485861183,0.94055829228243,0.793493403261493,0.0909090909090909,0.917450321404932,0.271256841757323,0.736139954563622,0.397902654867257
0.0883458072399573,0.436757284714309,0.350471293916024,0.608210180623974,0.876587724330083,0.363636363636364,0.225137134781484,0.672392840824025,0.264220587823926,-1.34509734513274
0.785798839162976,0.899723262249715,0.905741216795201,0.887684729064039,0.747766942555109,0.545454545454545,0.873350374001136,0.0630754124498109,0.403419284711025,0.768902654867257
0.303574156102032,0.515220576265668,0.519280205655527,0.412698412698413,0.696959763992461,0.363636363636364,0.478293976450488,0.533270627351474,0.135260486821349,-1.07209734513274
0.623919352375134,0.849910467198437,0.640102827763496,0.789162561576355,0.808981398016881,0.545454545454545,0.621631217287715,0.719470936506548,0.334072000194583,0.238902654867257
0.592301817626394,0.748331434152694,0.70694087403599,0.858456486042693,0.800131115299517,0.818181818181818,0.703270125503855,0.230716695346147,0.726340114924418,1.10090265486726
0.498319841148618,0.776330783005046,0.689802913453299,0.794417077175698,0.941981479963943,0.563636363636364,0.563738641277127,0.692393132479754,0.352294614896959,0.238902654867257
0.483656636627463,0.925443594335015,0.525278491859469,0.585221674876847,0.90264689010899,0.636363636363636,0.636553651265313,0.379142726592197,0.328173381584248,0.118902654867257
0.611959676187567,0.804574312225297,0.754927163667524,0.693349753694581,0.824285011882324,0.363636363636364,0.79157868648096,0.390988810141842,0.362385614058296,0.129902654867257
0.389766305177944,0.266807748657008,0.641816623821765,0.730377668308703,0.835040563795788,0.363636363636364,0.846691592008615,0.436735011325964,0.62455242894347,-0.782097345132743
0.253352680617076,0.629171414618265,0.561268209083119,0.645648604269294,0.688765057772679,0,0.340800578321163,0.832861823237184,0.377516885244097,-1.22309734513274
0.427936459447075,0.7216343805958,0.400171379605827,0.555336617405583,0.891584036712284,0.181818181818182,0.449222656662746,0.57134871331214,0.317303151183468,-0.745097345132743
0.226409042309455,0.625915676379619,0.571550985432734,0.741871921182266,0.79472260919446,0.363636363636364,0.397527761396073,0.959812270928729,0.487046014310252,-0.419097345132743
0.839147701237208,0.915025231971349,0.904027420736932,0.874220032840722,0.321478325002049,0.727272727272727,0.920985965899385,0.0905372298538805,0.771559211933456,1.74190265486726
0.779532610355889,0.941722285528243,0.862896315338475,0.892610837438424,0.182086372203557,0.454545454545455,0.927295335505086,0.160478704270812,0.657228388924104,1.45190265486726
0.308018939972506,0.788051440664171,0.701799485861183,0.885385878489327,0.594116200934196,0.181818181818182,0.481450325862935,0.494711309437007,0.181796795602298,0.706902654867257
0.280113028868184,0.633078300504639,0.338474721508141,0.64072249589491,0.957961157092518,0.363636363636364,0.468367221448512,0.574403807079457,0.64042248693431,-0.696097345132743
0.559401252482053,0.738889793260622,0.730934018851757,0.66863711001642,0.964844710317135,0.727272727272727,0.808559963793954,0.500498245204694,0.394395711116724,-0.208097345132743
0.872918894149992,0.94009441640892,0.902313624678663,0.985878489326765,0.184544784069491,0.454545454545455,0.979117633488779,0.202768785059449,0.690890634908302,1.72490265486726
0.292622575225294,0.366107764935699,0.420736932305056,0.621346469622332,0.85864131770876,0.636363636363636,0.125179641769436,0.760047539883921,0.70916809271033,-0.920097345132743
0.712540094699863,0.851782516685658,0.814053127677806,0.846059113300493,0.921084979103499,0.545454545454545,0.630626815766445,0.379393064426751,0.350803913996054,0.780902654867257
0.511654192760043,0.865212436920072,0.710368466152528,0.894252873563218,0.892075719085471,0.727272727272727,0.721606648328031,0.455651315853433,0.308906756669938,0.399902654867257
0.489751031006568,0.699820934396874,0.845758354755784,0.730377668308703,0.947881668442186,0.818181818181818,0.654367784777948,0.261211732337815,0.546621498626129,0.263902654867257
0.401221933710096,0.71023929676054,0.57840616966581,0.952709359605911,0.768171761042367,0.727272727272727,0.4356478394468,0.635554291714061,0.571708662863839,0.470902654867257
0.726974186650375,0.88083998046557,0.818337617823479,0.73136288998358,0.723428665082357,0.309090909090909,0.830698162673244,0.484860637170551,0.780179498657819,0.864902654867257
0.724637238429815,0.835259645124532,0.893744644387318,0.888998357963875,0.939768909284602,0.636363636363636,0.788556843766185,0.402946695054491,0.712832749804834,0.452902654867257
0.701955093936154,0.769819306527755,0.749785775492716,0.833169129720854,0.991395558469229,0.454545454545455,0.790707743480909,0.554709753939783,0.66858785562479,0.913902654867257
0.200473499312663,0.453687123555266,0.508140531276778,0.70311986863711,0.872408424157994,0.545454545454545,0.430785156071568,0.624532135600471,0.384518992318511,-0.608097345132743
0.594638765846953,0.846003581312063,0.753213367609255,0.756978653530378,0.838974022781283,0.272727272727273,0.788760411007579,0.526577128357687,0.605993477636373,0.833902654867257
0.0265197800519322,0.347143089695588,0.326478149100257,0.55295566502463,0.910329427190035,0.363636363636364,0.107649614526351,0.68804017071582,0.220654818132105,-2.33209734513274
0.978539789216435,0.854224320364643,0.982005141388175,0.889573070607553,0,0.0909090909090909,0.933575957078889,0,0.684669401072262,0.945902654867257
0.759279059111044,0.935210809050952,0.886889460154242,0.947454844006568,0.795214291567647,0.363636363636364,0.862431984351203,0.541492888461127,0.584103361803939,1.16590265486726
0.507071941347182,0.830050463942699,0.41388174807198,0.633825944170772,0.929197738261083,0.363636363636364,0.687266938897016,0.390791942524378,0.706990629349287,-0.155097345132743
0.752268214449366,0.917629822562266,0.931448157669237,0.713628899835796,0.718757682537081,0.454545454545455,0.929436536397768,0.230196575961735,0.828289348791596,0.843902654867257
0.495753780357416,0.731401595311737,0.754927163667524,0.710016420361248,0.906826190281078,0.545454545454545,0.394060483445512,0.985808518291675,0.514421362051093,-1.67909734513274
0.824484496716053,0.924792446687286,0.924592973436161,0.978981937602627,0.122101122674752,0.454545454545455,0.946826164247468,0.143025539320053,0.735500785304468,1.76690265486726
0.886253245761418,0.903955721959954,0.950299914310197,0.902134646962233,0.179382119151028,0.545454545454545,0.943317714300712,0.315829128629899,0.740557666601809,1.48290265486726
0.132243775775164,0.479081881816702,0.487574978577549,0.817733990147783,0.54961894616078,0.181818181818182,0.184235272449098,0.778302758091016,0.453196676871378,-1.79609734513274
0.569069802963189,0.832003906885886,0.79777206512425,0.870607553366174,0.954273539293616,0.363636363636364,0.78130573488867,0.58141083598254,0.696668690561556,0.398902654867257
0.0905567435466626,0.3247598893049,0.416452442159383,0.497947454844007,0.740699008440547,0.454545454545455,0.225606203810396,0.688266203906242,0.255732319096192,-1.36309734513274
0.453322132274324,0.540289760703239,0.748071979434447,0.375697865353038,0.952798492174056,0.363636363636364,0.709598654883752,0.3658626690388,0.610495411832137,-1.15509734513274
0.101130288681839,0.706006837050301,0.479005998286204,0.637110016420361,0.903138572482176,0.181818181818182,0,0.904623715499558,0.45608729366458,-1.20509734513274
0.48672674507408,0.817678658635846,0.664095972579263,0.702791461412151,0.962140457264607,0.545454545454545,0.730896760711885,0.367359835117294,0.687564967921808,-0.704097345132743
0.787689017870781,0.85870096044278,0.861182519280206,0.839080459770115,0.424239940998115,0.545454545454545,0.94675520228303,0.192621596134589,0.872593710229686,1.17190265486726
0.863296166182985,0.878235389874654,0.708654670094259,0.732019704433497,0.708432352700156,0.636363636363636,0.902554430588353,0.208101223981878,1,1.14790265486726
0.63752863907133,0.893211785772424,0.765209940017138,0.907060755336617,0.584036712283865,0.818181818181818,0.867814145344412,0.053462925695842,0.464381418717871,1.03390265486726
0.383488620742325,0.850236041022302,0.689802913453299,0.978981937602627,0.606654101450463,0.636363636363636,0.70812647918365,0.602089227209535,0.474452215149604,0.617902654867257
0.185672827249122,0.5103369689077,0.345329905741217,0.79047619047619,0.831598787183479,0.181818181818182,0.121706600645785,0.665973984308922,0.34280323593838,-2.07509734513274
0.085458988849855,0.548103532475989,0.304198800342759,0.525451559934319,0.804802097844792,0.181818181818182,0.247011759392152,0.822306316290917,0.400469337548967,-2.23609734513274
