Country.Name,Log.GDP.per.capita,Social.support,Healthy.life.expectancy.at.birth,Freedom.to.make.life.choices,Perceptions.of.corruption,Compulsory.education..duration..years.,Individuals.using.the.Internet....of.population.,Rural.population....of.total.population.,Log.Scientific.and.technical.journal.articles,Ladder.score
Afghanistan,7.4825,0.3675,54.63125,0.34600000000000003,0.83525,9,18,73.6714,4.8482340047374315,1.721
Albania,9.5884,0.7026,69.15,0.8064,0.8804,9,75.681367895,37.0576,5.193484489442281,5.304
Algeria,9.32075,0.82375,66.55,0.48925,0.697,10,64.56585688666667,25.7554,8.678452828337846,5.364
Argentina,9.976,0.892,67.2,0.8231999999999999,0.8236,14,85.2468505575,7.771800000000004,9.14401412046717,6.188
Armenia,9.63575,0.7935,67.71875,0.812,0.6685,12,73.88796927333334,36.545,6.4033589429810505,5.455
Australia,10.8204,0.9276,71.05,0.893,0.4804,11,95.41479535,13.6336,10.986571819748807,7.057
Austria,10.9112,0.9004,71.15,0.868,0.495,13,90.3562188375,40.9912,9.505417905468011,6.905
Azerbaijan,9.611333333333333,0.755,63.891666666666666,0.8276666666666667,0.5933333333333333,10,83.89999826666667,43.2098,6.832994016557711,4.893
Bangladesh,8.6892,0.5502,64.55,0.8712,0.7034,5,33.18248155333333,61.0576,8.511311930657099,3.886
Belgium,10.855599999999999,0.9044,70.9,0.8252,0.5668,12,92.1495877975,1.884200000000002,9.718237812795927,6.894
Benin,8.1096,0.4298,56.1,0.7554,0.5996,6,28.20347449333333,51.0236,5.629471917881037,4.377
Bolivia,9.0056,0.7994,63.6,0.8634,0.8508,14,57.797433053333336,29.5226,4.883407799611873,5.784
Bosnia and Herzegovina,9.67,0.8734,67.3,0.7622,0.9362,9,74.4199597625,50.5638,6.746418003996772,5.877
Brazil,9.601,0.8532,65.75,0.8216,0.741,14,79.11819438,12.6886,11.117438038826336,6.272
Bulgaria,10.1294,0.9272,66.5,0.7952,0.9249999999999999,11,73.12694340499999,23.9756,8.315233665769158,5.463
Burkina Faso,7.67025,0.64725,55.55625,0.69675,0.731,10,14.929868370000001,68.7552,5.518496528398231,4.548
Cameroon,8.2234,0.6941999999999999,55.85,0.7032,0.8413999999999999,6,42.556859673333335,41.855199999999996,6.9351077656032345,4.874
Canada,10.7838,0.9226000000000001,71.4,0.8764,0.4328,10,92.34897111,18.3378,11.071052667444945,6.9
Chad,7.287,0.6563333333333333,52.875,0.6006666666666667,0.7973333333333333,10,12.631080821666666,76.1982,2.714363563158802,4.471
Chile,10.124,0.8818,70.3,0.7702,0.8326,12,87.19398260666667,12.1778,9.039409692108908,6.36
Colombia,9.6016,0.8346,69.35,0.8118,0.8452,12,70.1567467475,18.2654,9.089446502690368,5.695
Comoros,8.093,0.529,59.30833333333333,0.49033333333333334,0.7326666666666667,6,21.62796986,70.3694,1.5249687558076503,3.566
Costa Rica,9.9632,0.8786,70,0.9092,0.7816,13,81.76995244999999,18.6128,6.4311458795994,6.955
Croatia,10.3506,0.9192,68.95,0.7168,0.9024,8,80.181549395,42.1066,8.45498262515448,5.942
Cyprus,10.63575,0.812,72.8,0.7298,0.8568,10,89.306511425,33.124,7.247301357934325,6.068
Czechia,10.61325,0.94625,69.1125,0.90275,0.8525,10,82.3541398775,25.775000000000002,9.652292331435477,6.822
Denmark,10.9666,0.9471999999999999,71.25,0.9374,0.1896,10,97.8303873,11.7576,9.610886736206696,7.583
Dominican Republic,9.8274,0.8454,64.4,0.8582,0.6764,15,82.38558204666667,16.825,4.3641808415282926,5.823
Ecuador,9.2922,0.801,69,0.7939999999999999,0.835,15,68.955252795,35.625,7.8552384294760085,5.725
El Salvador,9.1144,0.7544,65.6,0.9144,0.609,15,55.99095033333333,25.9064,3.06502510004994,6.469
Estonia,10.5212,0.9458,69.65,0.9172,0.4278,9,90.3220515825,30.5772,7.430262407521965,6.448
Eswatini,9.0835,0.7355,51.3,0.5680000000000001,0.749,7,56.45607325333333,75.6226,3.5544905510752844,3.502
Ethiopia,7.748,0.74525,60.7,0.7070000000000001,0.77725,8,16.424458633333334,77.8176,8.09504671979609,3.861
Finland,10.794,0.958,71.15,0.955,0.1852,10.6,91.893627925,14.397400000000001,9.322201463036238,7.741
France,10.7158,0.9072,72.3,0.8122,0.557,12.4,84.8687386175,18.7576,11.099217553104392,6.609
Gabon,9.549999999999999,0.7456,58.25,0.6768,0.8052,10,70.40788578666667,9.596,4.204468713728949,5.106
Georgia,9.667,0.7194,64.95,0.81,0.6628,9,74.13306957500001,40.1224,6.4235797003782675,5.185
Germany,10.8796,0.894,71.3,0.8534,0.4362,13,90.25197795,22.4428,11.599589052321386,6.719
Ghana,8.5954,0.6622,58.75,0.7922,0.8786,11,56.63059684666667,42.0212,7.514279189047564,4.289
Greece,10.3092,0.8426,71.15,0.581,0.8086,10,78.8629946175,19.9658,9.39396815861369,5.934
Guatemala,9.110333333333333,0.792,62.766666666666666,0.8766666666666667,0.8066666666666666,16,47.585013653333334,47.7432,4.7159062275827575,6.287
Guinea,7.8838,0.6345999999999999,54.2,0.6874,0.7782,6,28.95653826,62.7216,3.6451887654892032,5.023
Honduras,8.64475,0.76575,63.956250000000004,0.8525,0.82,12,43.653805743333336,41.0234,4.503691017038237,5.968
Hungary,10.4216,0.9458,67.5,0.7654,0.8493999999999999,13,86.0611303375,27.7506,8.89631295525847,6.017
Iceland,10.9046,0.9818,72.05,0.937,0.6792,10,99.57490421333333,6.0538,6.514245915283086,7.525
India,8.8234,0.5976,60.9,0.8882,0.766,8,39.74631818333334,64.5946,11.844975581271138,4.054
Indonesia,9.401,0.797,63.05,0.8814,0.8696,9,57.501558665,42.7156,10.357773617990404,5.568
Iraq,9.097249999999999,0.73125,63.887499999999996,0.65325,0.864,6,54.436378669999996,28.8714,9.023576362083503,5.166
Ireland,11.531,0.9162,71.3,0.8836,0.364,10,91.38983762666666,36.0762,9.006499935967906,6.838
Israel,10.6548,0.9456,72.7,0.8114,0.7016,15,89.07070537,7.324199999999996,9.512227818641481,7.341
Italy,10.6548,0.8668,72.05,0.708,0.842,12,74.564302645,28.6498,11.300494330285664,6.324
Jamaica,9.186,0.86825,66.6,0.8402499999999999,0.8785000000000001,6,77.54472428666666,43.3332,5.186715189966734,5.842
Japan,10.6292,0.8804,74.35,0.7958000000000001,0.6266,9,88.62131173666667,8.131,11.523153480037843,6.06
Jordan,9.1412,0.74,67.6,0.7582,0.674,10,77.17745529333332,8.381199999999998,8.087886108822502,4.186
Kazakhstan,10.1662,0.935,65.8,0.863,0.7366,9,87.7602557025,42.1598,7.896811224770675,6.188
Kenya,8.4652,0.6892,58.5,0.728,0.83,12,25.653080446666667,71.4966,7.372319139477508,4.47
Latvia,10.3702,0.9356,66.4,0.7931999999999999,0.8164,11,89.3107894225,31.5662,7.312253252900096,6.234
Lebanon,9.537,0.6282,66.15,0.4742,0.8914,10,83.15057682,10.906,7.672764876608844,2.707
Lesotho,7.769,0.7350000000000001,45.175,0.7124999999999999,0.865,7,44.38029952666667,70.5098,3.5925062094563467,3.186
Liberia,7.293,0.6463333333333333,56.3,0.7193333333333333,0.83,6,28.356276703333336,47.4182,2.88703285663065,4.269
Lithuania,10.5574,0.9234,67.4,0.751,0.7852,11,84.823040515,31.738200000000003,7.86034322397553,6.818
Luxembourg,11.651666666666666,0.8896666666666667,71.65833333333333,0.9186666666666667,0.35933333333333334,12,98.12079136,8.3386,6.833866513570093,7.122
Madagascar,7.339,0.6783333333333333,57.88333333333333,0.5256666666666667,0.748,5,15.09276923,60.792,4.9408921412186,4.228
Malawi,7.3005,0.52,58.3375,0.751,0.73,8,18.923856813333334,82.2888,5.599328954960561,3.421
Malaysia,10.22,0.8054,65.65,0.9188,0.7682,6,91.9730562825,22.3214,9.979689741001572,5.975
Mali,7.6726,0.6358,55.4,0.7164,0.8358,9,28.21920945,55.3304,4.559597340693335,4.232
Malta,10.716750000000001,0.9202,71.6,0.8866,0.731,11,87.91197331250001,5.1904,6.158323420410958,6.346
Mauritania,8.612,0.684,60.325,0.5973333333333334,0.68966666666666665,9,51.53195694666667,43.8822,3.078463671151456,4.505
Mauritius,10.0102,0.8896000000000001,63.85,0.8266,0.7808,11,64.73161957666667,59.2044,5.3618553873520245,5.816
Mexico,9.8722,0.8272,65.8,0.8688,0.7736000000000001,14,72.24959634,18.9854,9.867136537856613,6.678
Moldova,9.462,0.8444,65.3,0.8298,0.889,11.2,59.40039883,56.9762,5.571145919640296,5.816
Mongolia,9.398,0.9359999999999999,60.5,0.7024,0.857,12,66.10579905,31.1992,5.294108521773982,5.696
Montenegro,9.958,0.86175,67.2,0.76825,0.79325,9,80.3817691475,32.174,5.687043150651903,5.707
Morocco,8.988199999999999,0.5314,63.9,0.7908,0.802,9,85.45701515666666,35.9384,8.698083724784409,4.795
Myanmar,8.3928,0.754,61.55,0.7392,0.683,5,38.87044303333333,68.5352,5.860828957595485,4.354
Namibia,9.1548,0.8108,56.85,0.6842,0.848,7,48.85483262666667,47.0156,5.169261657378676,4.832
Nepal,8.2752,0.752,61.85,0.7978,0.7692,9,44.094344889999995,78.9818,7.118793859873586,5.158
Netherlands,10.9496,0.9296,71.55,0.8784,0.3842,13,92.29864727500001,7.4502,10.38648730267207,7.319
New Zealand,10.689400000000001,0.946,70.35,0.8896000000000001,0.2708,10,92.87966550666667,13.2056,9.073373943508365,7.029
Nicaragua,8.6314,0.8516,65.65,0.8852,0.606,7,51.82261935333333,40.7092,3.612942888023996,6.284
Nigeria,8.5096,0.7564,55.05,0.7362,0.902,9,50.617820353333336,47.267,8.880354652343197,4.881
North Macedonia,9.7286,0.8214,66.5,0.7532,0.9076000000000001,13,81.94554371333334,41.1854,6.054685794771683,5.369
Norway,11.097,0.945,71.5,0.9464,0.2728,10,97.651885525,16.6856,9.459991862787136,7.302
Pakistan,8.5642,0.5924,57.45,0.7244,0.8212,12,19.014307936666665,62.5434,9.669912279518766,4.657
Panama,10.397,0.89075,68.925,0.8612500000000001,0.872,11,65.56000768,31.2198,5.554024908735509,6.358
Paraguay,9.520199999999999,0.899,65.9,0.8906000000000001,0.8483999999999999,13,73.93817297,37.495,5.072827314352703,5.977
Peru,9.4246,0.7974,69.85,0.7908000000000001,0.8938,14,67.74626981,21.4948,7.803030728591193,5.841
Philippines,9.0382,0.8038,62.05,0.9262,0.7476,13,47.6047527,52.299,8.091162044687607,6.048
Poland,10.46,0.9086,69.05,0.7914,0.7112,8.4,83.9842096925,39.8986,10.485493094458047,6.442
Portugal,10.4498,0.8806,71.25,0.8874,0.8872,12,80.103493215,33.158,9.712001630936754,6.03
Romania,10.3508,0.8403999999999999,67.05,0.8533999999999999,0.9292,10,80.30156561000001,45.6464,9.203839788894829,6.491
Senegal,8.162,0.6462,60,0.7742,0.8324,11,47.15695714,51.392,5.9412496184434795,4.969
Serbia,9.8824,0.8872,67.15,0.807,0.8052,8,80.1222393475,43.3314,8.484930296409065,6.411
Sierra Leone,7.40275,0.58075,54.7,0.68275,0.86325,9,17.4,56.618,4.059235385108533,3.245
Singapore,11.558,0.89225,73.825,0.88775,0.12266666666666666,6,93.458036385,0,9.388539694023192,6.523
Slovenia,10.601,0.942,71.05,0.923,0.7696000000000001,9,86.90651891,44.5588,8.233517748361027,6.743
South Africa,9.5002,0.8774,57.25,0.732,0.8786,9,70.77589234666667,32.1578,9.64490365845565,5.422
Spain,10.5704,0.9312,72.35,0.7806000000000001,0.7074,10,93.076844755,18.9426,11.038044762111651,6.421
Sri Lanka,9.450800000000001,0.8168,67.2,0.7784,0.8604,11,43.775049646666666,81.12100000000001,7.43320544096847,3.898
Sweden,10.8856,0.9356,72.15,0.9421999999999999,0.222,10,94.67822357,11.7694,9.972348748687596,7.344
Switzerland,11.1552,0.9228,72.9,0.8954,0.2686,11,94.35513687333334,25.9892,10.030428085584349,7.06
Tanzania,7.8642,0.6618,59.4,0.844,0.5698,7,24.452632246666667,64.04560000000001,6.730027156198315,3.781
Thailand,9.7708,0.8786,68.45,0.8762,0.899,9,79.4357519475,47.8436,9.526354037645778,5.976
Togo,7.68225,0.567,57.325,0.64925,0.72525,10,28.262405153333333,56.6366,4.462107803146254,4.214
Tunisia,9.265600000000001,0.6994,67,0.5748,0.8978,9,72.83237896,30.1064,8.536635950045886,4.422
Uganda,7.7284,0.8012,59.15,0.734,0.8573999999999999,7,7.486745177333333,74.4404,6.763226493240312,4.372
Ukraine,9.4114,0.8698,64.55,0.774,0.9054,11,74.79368231666666,30.2296,9.421795883495202,4.873
United Kingdom,10.725,0.895,70.3,0.857,0.4678,11,94.67168881333333,15.8506,11.546889598020988,6.749
United States,11.055,0.907,65.85,0.7918,0.699,12,90.60132112000001,17.1244,13.010177421333498,6.725
Uruguay,10.0696,0.9162,67.5,0.8984,0.5978,14,87.4021522075,4.399400000000002,6.858486250175334,6.611
Uzbekistan,8.9608,0.8898,65.3,0.9422,0.6162,12,72.69680901,49.5452,6.97415144862182,6.195
Zambia,8.0974,0.681,55.25,0.8274,0.7992,7,18.694481973333332,54.8022,5.462135451777431,3.502
Zimbabwe,7.66,0.7042,54.05,0.666,0.7774,7,30.23360336,67.6666,6.12444266170244,3.341
