Country.Name,"Compulsory education, duration (years)","Educational attainment, at least completed lower secondary, population 25+, female (%) (cumulative)",Individuals using the Internet (% of population),Rural population (% of total population),"Life expectancy at birth, total (years)",Scientific and technical journal articles
Afghanistan,9,6.92583163579305,18,73.6714,62.75025,126.51499999999999
Albania,9,88.8029632568359,75.681367895,37.0576,77.39175,179.095
Algeria,10,42.6240081787109,64.56585688666667,25.7554,76.10825,5873.950000000001
American Samoa,NA,NA,NA,12.82,NA,NA
Andorra,10,81.7182769775391,92.60727860666667,12.1314,NA,8.57
Angola,6,28.14960289001465,32.42728016,32.5538,62.07025,39.61
Antigua and Barbuda,11,NA,95.68550954333334,75.6006,78.81625,6.63
Argentina,14,NA,85.2468505575,7.771800000000004,76.1575,9357.255000000001
Armenia,12,98.20381418863937,73.88796927333334,36.545,73.25675,602.87
Aruba,13,NA,NA,56.117,75.39725,NA
Australia,11,94.4994945526123,95.41479535,13.6336,83.15,59074.515
Austria,13,98.62540690104167,90.3562188375,40.9912,81.34268292682927,13431.305
Azerbaijan,10,96.98901557922363,83.89999826666667,43.2098,70.706,926.9649999999999
"Bahamas, The",12,NA,92.48770144,16.6282,72.4595,21.205
Bahrain,9,80.6355056762695,99.79084532333333,10.3732,79.29975,442.035
Bangladesh,5,43.24397468566895,33.18248155333333,61.0576,72.71325,4969.68
Barbados,11,NA,83.82908644,68.7312,77.48175,58.63
Belarus,9.8,97.4785385131836,86.06820199500001,20.1012,73.04154878048783,1346.96
Belgium,12,87.86752510070801,92.1495877975,1.884200000000002,81.54451219512195,16616.934999999998
Belize,8,50.93580627441405,59.53966704,53.7808,72.05425,12.445
Benin,6,7.840589761734011,28.20347449333333,51.0236,60.07925,277.515
Bermuda,13,NA,NA,0,80.755,NA
Bhutan,NA,50.52706050872803,79.89539176,57.0056,71.761,66.645
Bolivia,14,57.51657581329345,57.797433053333336,29.5226,65.2165,131.08
Bosnia and Herzegovina,9,70.72772598266603,74.4199597625,50.5638,76.01474999999999,850.005
Botswana,NA,68.32908821105954,70.35811513333333,28.46,64.54125,316.69
Brazil,14,66.59750175476076,79.11819438,12.6886,73.8805,67334.175
British Virgin Islands,12,NA,NA,51.074,75.64475,NA
Brunei Darussalam,9,84.27762603759767,96.38304198,21.4502,74.684,254.325
Bulgaria,11,95.10560035705565,73.12694340499999,23.9756,73.64878048780487,4084.64
Burkina Faso,10,8.92387485504149,14.929868370000001,68.7552,59.7015,248.26
Burundi,NA,NA,4.108106462333334,85.93339999999999,61.88925,28.695
Cabo Verde,10,NA,64.95561516333333,32.9048,74.8965,17.375
Cambodia,NA,20.2535155614217,55.36968265666666,75.3222,70.14699999999999,153.485
Cameroon,6,NA,42.556859673333335,41.855199999999996,60.927,1026.73
Canada,10,95.55683288574215,92.34897111,18.3378,81.69176829268295,64282.14
Cayman Islands,12,NA,NA,0,82.009756097561,NA
Central African Republic,10,7.25777006149292,8.885824524,57.33,54.50025,17.155
Chad,10,3.70809006690979,12.631080821666666,76.1982,52.8895,14.094999999999999
Channel Islands,NA,NA,NA,68.9716,81.36725,NA
Chile,12,83.14714050292967,87.19398260666667,12.1778,79.5415,8427.800000000001
China,9,67.3682479858398,70.6995496775,37.5244,78.21075,640101.425
Colombia,12,58.99999999999997,70.1567467475,18.2654,74.5025,8860.279999999999
Comoros,6,23.99347591400145,21.62796986,70.3694,63.83275,3.5949999999999998
"Congo, Dem. Rep.",6,NA,20.749240829999998,53.76,59.73775,152.39499999999998
"Congo, Rep.",10,NA,NA,31.7182,63.275999999999996,73.305
Costa Rica,13,49.439998626709,81.76995244999999,18.6128,78.26175,619.885
Cote d'Ivoire,10,10.97209024429323,39.6415534,47.813,58.96625,238.49
Croatia,8,92.46551704406737,80.181549395,42.1066,77.53719512195124,4697.425
Cuba,9,78.6480712890625,70.06965293333333,22.6962,76.754,1191.08
Curacao,14,90.3529205322266,NA,10.9508,NA,NA
Cyprus,10,82.12634468078613,89.306511425,33.124,81.47,1403.31
Czechia,10,99.63622665405275,82.3541398775,25.775000000000002,78.4140243902439,15556.41
Denmark,10,91.13538551330568,97.8303873,11.7576,81.4408536585366,14925.400000000001
Djibouti,10,NA,63.155557736666665,21.7748,62.73575,7.26
Dominica,12,NA,77.12666714666666,28.6046,73.25075,6.285
Dominican Republic,15,66.63999938964845,82.38558204666667,16.825,73.31275,77.58500000000001
Ecuador,15,53.37749958038327,68.955252795,35.625,75.2535,2578.21
"Egypt, Arab Rep.",12,47.24396896362305,68.36378315,57.1116,70.682,16842.82
El Salvador,15,44.075000762939446,55.99095033333333,25.9064,71.46075,20.435
Equatorial Guinea,6,NA,52.297401986666664,26.4508,61.034,2.8850000000000002
Eritrea,8,NA,14.914227238,58.0128,66.89325,32.345
Estonia,9,98.65531158447264,90.3220515825,30.5772,78.03231707317074,1685.25
Eswatini,7,62.8485107421875,56.45607325333333,75.6226,58.41675,33.97
Ethiopia,8,7.4915599822998,16.424458633333334,77.8176,65.45724999999999,3277.19
Faroe Islands,9,NA,NA,57.4056,82.98536585365855,NA
Fiji,NA,66.0850296020508,83.24114806666667,42.2642,67.81075,165.43
Finland,10.6,89.6039695739746,91.893627925,14.397400000000001,81.7469512195122,11182.575
France,12.4,85.66102409362793,84.8687386175,18.7576,82.3890243902439,66118.405
French Polynesia,NA,NA,NA,37.9208,82.06225,NA
Gabon,10,NA,70.40788578666667,9.596,66.16225,65.985
"Gambia, The",9,30.772928237915053,31.123784216666667,36.7882,62.839,54.065
Georgia,9,97.72611236572267,74.13306957500001,40.1224,72.379,615.2049999999999
Germany,13,94.2718505859375,90.25197795,22.4428,80.95750000000002,109051.975
Ghana,11,NA,56.63059684666667,42.0212,64.1485,1833.045
Gibraltar,10.8,NA,NA,0,81.67999999999999,NA
Greece,10,71.26493453979492,78.8629946175,19.9658,80.91158536585368,12014.685
Greenland,10,100,NA,12.4984,71.7873780487805,27.805
Grenada,12,55.86394691467285,74.03376023666667,63.2892,75.0145,56.825
Guam,0,NA,NA,4.986200000000004,77.32875,NA
Guatemala,16,29.4545993804932,47.585013653333334,47.7432,70.70925,110.71000000000001
Guinea,6,39.2396850585938,28.95653826,62.7216,59.231,37.290000000000006
Guinea-Bissau,9,NA,28.66011942,55.3806,60.0985,14.225000000000001
Guyana,6,58.0942993164062,81.74516506,73.08879999999999,67.318,17.105
Haiti,6,NA,35.93779781,42.056,63.80675,37.055
Honduras,12,33.939998626709,43.653805743333336,41.0234,71.2985,89.35
"Hong Kong SAR, China",9,77.48367309570315,93.2143162025,0,84.96146341463415,NA
Hungary,13,97.79015159606935,86.0611303375,27.7506,75.5170731707317,7303.99
Iceland,10,99.72954750061035,99.57490421333333,6.0538,82.89085365853657,673.685
India,8,39.06031545003253,39.74631818333334,64.5946,69.011,139381.27
Indonesia,9,52.17515563964842,57.501558665,42.7156,68.7865,31499.97
"Iran, Islamic Rep.",9,57.87517261505125,75.53883591333333,23.665200000000002,74.8415,55320.185
Iraq,6,24.514705657959,54.436378669999996,28.8714,70.60325,8295.395
Ireland,10,89.49702835083008,91.38983762666666,36.0762,82.66707317073173,8154.925
Isle of Man,NA,NA,NA,46.9076,80.65299999999999,NA
Israel,15,90.40414237976073,89.07070537,7.324199999999996,82.66341463414635,13523.09
Italy,12,79.27594184875484,74.564302645,28.6498,82.80975609756098,80860.6
Jamaica,6,NA,77.54472428666666,43.3332,71.19125,177.88
Japan,9,98.2129135131836,88.62131173666667,8.131,84.3395731707317,101027.05
Jordan,10,52.5645701090495,77.17745529333332,8.381199999999998,74.92475,3253.8
Kazakhstan,9,NA,87.7602557025,42.1598,72.305,2687.6949999999997
Kenya,12,59.459130287170396,25.653080446666667,71.4966,62.275,1590.32
Kiribati,9,84.5457801818848,47.25558036333334,43.6832,67.3735,3.41
"Korea, Dem. People's Rep.",12,83.40324211120605,NA,37.3448,73.3335,161.365
"Korea, Rep.",9,83.40324211120605,96.8506301125,18.5718,83.21524390243906,70712.4
Kosovo,NA,NA,NA,NA,77.97975,266.85
Kuwait,9,NA,99.44951554000001,0,78.88550000000001,1136.9850000000001
Kyrgyz Republic,10,NA,71.34011977,62.829,71.83719512195123,179.82999999999998
Lao PDR,9,33.6456108093262,54.34408602,63.0574,68.42375,89.33
Latvia,11,97.58140182495114,89.3107894225,31.5662,74.53353658536585,1497.55
Lebanon,10,64.0798721313477,83.15057682,10.906,76.62575,2148.015
Lesotho,7,42.8141632080078,44.38029952666667,70.5098,53.741,35.325
Liberia,6,NA,28.356276703333336,47.4182,60.97475,16.939999999999998
Libya,9,NA,NA,19.0028,72.24924999999999,210.74
Liechtenstein,9,NA,94.35513843666666,85.5174,83.63536585365856,30.915
Lithuania,11,96.23126220703122,84.823040515,31.738200000000003,75.27256097560978,2591.41
Luxembourg,12,89.8556423187256,98.12079136,8.3386,82.60670731707317,927.7750000000001
"Macao SAR, China",10,NA,87.75621697333334,0,85.2345,NA
Madagascar,5,15.9009799957275,15.09276923,60.792,65.19475,138.895
Malawi,8,12.7135801315308,18.923856813333334,82.2888,63.4095,269.245
Malaysia,6,81.45561981201172,91.9730562825,22.3214,75.7105,21582.614999999998
Maldives,7,56.3557319641113,80.27215724666667,58.8968,80.187,16.57
Mali,9,7.852450132369995,28.21920945,55.3304,59.16375,94.545
Malta,11,82.93119049072266,87.91197331250001,5.1904,82.60365853658537,471.635
Marshall Islands,13,81.46334838867185,NA,21.8478,65.03450000000001,2.3
Mauritania,9,8.5777416229248,51.53195694666667,43.8822,64.8185,20.725
Mauritius,11,61.96542263031007,64.73161957666667,59.2044,73.9019512195122,212.12
Mexico,14,64.51000022888185,72.24959634,18.9854,72.345,19285.035000000003
"Micronesia, Fed. Sts.",8,NA,40.13011450333333,76.9182,70.84649999999999,4.945
Moldova,11.2,97.05837821960449,59.40039883,56.9762,69.642,261.735
Monaco,11,NA,84.71387966,0,NA,47.25
Mongolia,12,88.99859619140622,66.10579905,31.1992,71.90125,198.16000000000003
Montenegro,9,93.6124318440755,80.3817691475,32.174,75.65670731707317,294.02
Morocco,9,NA,85.45701515666666,35.9384,74.30125,5990.42
Mozambique,NA,17.8663997650146,16.107885353333334,62.366,60.322,160.63
Myanmar,5,57.2982635498047,38.87044303333333,68.5352,66.58375,350.015
Namibia,7,NA,48.85483262666667,47.0156,60.808,174.78500000000003
Nauru,14,72.4770660400391,78.45192869333333,0,63.638,0.615
Nepal,9,25.65074443817135,44.094344889999995,78.9818,69.4345,1233.96
Netherlands,13,89.92586708068848,92.29864727500001,7.4502,81.62378048780491,32417.589999999997
New Caledonia,0,NA,NA,28.0818,80.34101829268292,NA
New Zealand,10,81.79690933227539,92.87966550666667,13.2056,82.3201219512195,8718.994999999999
Nicaragua,7,NA,51.82261935333333,40.7092,73.57525,36.075
Niger,NA,4.99849414825439,20.15394542,83.2316,62.001,63.405
Nigeria,9,47.32789103190103,50.617820353333336,47.267,53.0265,7188.34
North Macedonia,13,62.245272636413574,81.94554371333334,41.1854,74.66719512195122,425.105
Northern Mariana Islands,NA,NA,NA,8.109000000000002,NA,NA
Norway,10,95.03281974792478,97.651885525,16.6856,82.97317073170733,12834.779999999999
Oman,10,70.8303591410319,93.95726959,13.0174,74.80875,1016.16
Pakistan,12,24.931622505188,19.014307936666665,62.5434,66.3885,15832.96
Palau,12,95.7820434570312,NA,18.539,NA,5.895
Panama,11,67.0353374481201,65.56000768,31.2198,76.87899999999999,257.275
Papua New Guinea,NA,NA,26.587481343333334,86.5288,65.6425,67.89
Paraguay,13,53.825000762939425,73.93817297,37.495,71.88499999999999,158.625
Peru,14,55.99750041961673,67.74626981,21.4948,73.89575,2447.01
Philippines,13,66.88949012756348,47.6047527,52.299,71.35925,3264.48
Poland,8.4,94.93609046936038,83.9842096925,39.8986,76.8030487804878,35791.479999999996
Portugal,12,61.0825357437134,80.103493215,33.158,81.40243902439028,16513.625
Puerto Rico,13,NA,81.26155168,6.4014000000000015,79.2465,573.2
Qatar,10.8,83.38615226745605,99.76855111333333,0.7253999999999992,80.23,2065.87
Romania,10,89.97136116027832,80.30156561000001,45.6464,74.4939024390244,9934.205
Russian Federation,11,98.2764892578125,86.567167265,25.0536,71.71713414634148,88567.58499999999
Rwanda,6,17.3562958240509,25.206609,82.4148,66.60300000000001,226.68
Samoa,8,92.4423065185547,69.55410921333333,82.23780000000001,72.57249999999999,15.204999999999998
San Marino,10,86.01213836669925,71.06548851333334,2.389000000000002,NA,11.7
Sao Tome and Principe,6,NA,40.58212647333333,24.9638,68.17325,2.23
Saudi Arabia,9,71.2748794555664,98.396767025,15.4922,77.096,15032.380000000001
Senegal,11,8.94958972930908,47.15695714,51.392,67.8845,379.40999999999997
Serbia,8,74.88196754455566,80.1222393475,43.3314,74.66932926829267,4840.26
Seychelles,10,NA,77.27286027666666,42.0294,74.63231707317073,21.995
Sierra Leone,9,14.3607997894287,17.4,56.618,60.122749999999996,56.93
Singapore,6,83.72831153869627,93.458036385,0,83.28170731707317,11949.635
Sint Maarten (Dutch part),14,NA,NA,0,74.6005,NA
Slovak Republic,10.6,98.99258041381835,87.23338995333333,46.151,76.55304878048783,5502.8150000000005
Slovenia,9,98.06167411804199,86.90651891,44.5588,81.0048780487805,3764.0550000000003
Solomon Islands,NA,NA,33.40298037,74.8742,70.41775,14.49
Somalia,8,4.44926023483276,NA,53.266,56.108000000000004,24.345
South Africa,9,76.57403564453125,70.77589234666667,32.1578,63.812,15441.885
South Sudan,8,NA,6.05,79.46940000000001,55.4835,11.594999999999999
Spain,10,79.73362350463867,93.076844755,18.9426,83.1189024390244,62194.925
Sri Lanka,11,81.47521972656247,43.775049646666666,81.12100000000001,76.35249999999999,1690.22
St. Kitts and Nevis,12,NA,79.87203856333333,69.073,71.727,33.785
St. Lucia,10,49.8538093566895,77.53906253,81.04860000000001,72.31649999999999,4.04
St. Martin (French part),NA,NA,NA,NA,80.26525000000001,NA
St. Vincent and the Grenadines,12,NA,79.77022866666667,46.5456,70.8905,6.965
Sudan,8,NA,27.15,64.384,65.58375000000001,379.75
Suriname,6,NA,61.609307656666665,33.763799999999996,71.3415,19.490000000000002
Sweden,10,94.48658180236815,94.67822357,11.7694,82.9079268292683,21424.75
Switzerland,11,97.33874320983884,94.35513687333334,25.9892,83.52743902439025,22705.989999999998
Syrian Arab Republic,9,NA,35.215,43.8804,72.08125,395.06
Tajikistan,9,NA,NA,72.2514,70.43575,97.965
Tanzania,7,1.64541304111481,24.452632246666667,64.04560000000001,66.595,836.1700000000001
Thailand,9,49.3944854736328,79.4357519475,47.8436,79.161,13715.49
Timor-Leste,9,46.9296875,33.86171403666667,68.30160000000001,68.384,12.98
Togo,10,20.5712985992432,28.262405153333333,56.6366,61.28575,85.67
Tonga,15,94.1549835205078,66.67488021333332,76.881,71.01375,5.93
Trinidad and Tobago,7,72.2669792175293,78.87871215333334,46.711,74.07825,233.04
Tunisia,9,38.8616981506348,72.83237896,30.1064,74.83,5097.165
Turkiye,12,46.271080970764146,79.1229665,23.4422,77.04724999999999,40026.66499999999
Turkmenistan,12,98.0125885009766,NA,46.9882,69.09075,4.11
Turks and Caicos Islands,13,87.0352401733398,NA,6.1814,74.95975,NA
Tuvalu,8,52.98727989196775,71.58657964,35.2436,64.51525000000001,0.255
Uganda,7,32.6903381347656,7.486745177333333,74.4404,63.04625,864.4300000000001
Ukraine,11,NA,74.79368231666666,30.2296,70.31204268292683,12353.75
United Arab Emirates,12,82.4908040364583,99.78749949,12.708400000000001,79.1445,4248.235000000001
United Kingdom,11,99.1187744140625,94.67168881333333,15.8506,81.12865853658538,103453.75
United States,12,96.82836761474609,90.60132112000001,17.1244,77.3829268292683,446938.01
Uruguay,14,62.21666717529297,87.4021522075,4.399400000000002,77.3435,950.925
Uzbekistan,12,99.9097849527995,72.69680901,49.5452,71.05275,1067.65
Vanuatu,NA,39.288488388061495,56.78038957,74.3248,70.27925,11.165
"Venezuela, RB",17,NA,NA,11.668,71.22875,629.845
Viet Nam,10,60.158442497253425,72.94039484000001,61.9468,74.41725,7012.895
Virgin Islands (U.S.),NA,NA,NA,3.965200000000002,79.9689024390244,NA
West Bank and Gaza,10,72.59997177124022,79.27737231,22.993,74.14025000000001,486.59000000000003
"Yemen, Rep.",9,NA,NA,61.4508,64.30375000000001,243.755
Zambia,7,56.42261123657225,18.694481973333332,54.8022,62.04975,234.6
Zimbabwe,7,86.32460403442386,30.23360336,67.6666,60.265,455.89
